<config>
    <disk aggregate="true" enabled="true">/dev/disk1</disk>
    <disk aggregate="false" enabled="false">devfs</disk>
    <network aggregate="true" enabled="false">lo0</network>
    <network aggregate="true" enabled="false">bridge0</network>
    <network aggregate="true" enabled="true">en6</network>
    <network aggregate="true" enabled="false">awdl0</network>
    <network aggregate="true" enabled="false">p2p0</network>
    <network aggregate="true" enabled="true">en0</network>
    <network aggregate="true" enabled="false">en2</network>
    <network aggregate="true" enabled="false">en1</network>
</config>
